{
  "materials": [
    {
      "item": {
        "tag": "forge:ingots/gold"
      },
      "count": 24
    },
    {
      "item": {
        "tag": "forge:ingots/iron"
      },
      "count": 52
    },
    {
      "item": {
        "tag": "forge:rods/blaze"
      },
      "count": 2
    },
    {
      "item": {
        "tag": "forge:gems/diamond"
      },
      "count": 5
    }
  ],
  "result": {
    "type": "gun",
    "id": "sfms:d50"
  },
  "type": "tacz:gun_smith_table_crafting"
}