{
  "materials": [
    {
      "item": {
        "type": "forge:partial_nbt",
        "item": "tacz:modern_kinetic_gun",
        "nbt": {
          "GunId": "sfms:inf"
        }
      },
      "count": 2
    },
    {
      "item": {
        "tag": "forge:ingots/iron"
      },
      "count": 40
    },
    {
      "item": {
        "tag": "forge:gems/diamond"
      },
      "count": 10
    }
  ],
  "result": {
    "type": "gun",
    "id": "sfms:inf_x"
  },
  "type": "tacz:gun_smith_table_crafting"
}