{
  "materials": [
    {
      "item": {
        "tag": "forge:ingots/gold"
      },
      "count": 30
    },
    {
      "item": {
        "tag": "forge:ingots/iron"
      },
      "count": 125
    },
    {
      "item": {
        "tag": "forge:gems/diamond"
      },
      "count": 3
    },
    {
      "item": {
        "tag": "forge:glass"
      },
      "count": 40
    }
  ],
  "result": {
    "type": "gun",
    "id": "sfms:lvsa_c_erode_lmg"
  },
  "type": "tacz:gun_smith_table_crafting"
}