{
  "materials": [
    {
      "item": {
        "tag": "forge:ingots/gold"
      },
      "count": 15
    },
    {
      "item": {
        "tag": "forge:ingots/iron"
      },
      "count": 50
    },
    {
      "item": {
        "tag": "forge:gems/diamond"
      },
      "count": 2
    },
    {
      "item": {
        "item": "minecraft:netherite_ingot"
      },
      "count": 1
    },
    {
      "item": {
        "tag": "forge:glass"
      },
      "count": 20
    }
  ],
  "result": {
    "type": "gun",
    "id": "sfms:lvsa_c_erode"
  },
  "type": "tacz:gun_smith_table_crafting"
}