{
  "materials": [
    {
      "item": {
        "tag": "forge:ingots/gold"
      },
      "count": 20
    },
    {
      "item": {
        "item": "minecraft:netherite_ingot"
      },
      "count": 4
    },
    {
      "item": {
        "tag": "forge:ingots/iron"
      },
      "count": 120
    },
    {
      "item": {
        "tag": "forge:gems/diamond"
      },
      "count": 4
    }
  ],
  "result": {
    "type": "gun",
    "id": "sfms:m202"
  },
  "type": "tacz:gun_smith_table_crafting"
}