{
  "materials": [
    {
      "item": {
        "tag": "forge:ingots/gold"
      },
      "count": 24
    },
    {
      "item": {
        "tag": "forge:ingots/iron"
      },
      "count": 120
    },
    {
      "item": {
        "tag": "forge:gems/diamond"
      },
      "count": 4
    },
    {
      "item": {
        "item": "minecraft:netherite_ingot"
      },
      "count": 2
    }
  ],
  "result": {
    "type": "gun",
    "id": "sfms:mgl40",
    "attachments": {
      "scope": "sfms:scope_oeg"
    }
  },
  "type": "tacz:gun_smith_table_crafting"
}