{
  "materials": [
    {
      "item": {
        "tag": "forge:ingots/copper"
      },
      "count": 10
    },
    {
      "item": {
        "type": "forge:partial_nbt",
        "item": "tacz:ammo",
        "nbt": {
          "AmmoId": "msapl:ms_gunpowder"
        }
      },
      "count": 6
    },
    {
      "item": {
        "tag": "forge:nuggets/iron"
      },
      "count": 12
    }
  ],
  "result": {
    "type": "ammo",
    "id": "tacz:12g",
    "count": 24
  },
  "type": "tacz:gun_smith_table_crafting"
}