{
  "materials": [
    {
      "item": {
        "tag": "forge:ingots/copper"
      },
      "count": 14
    },
    {
      "item": {
        "type": "forge:partial_nbt",
        "item": "tacz:ammo",
        "nbt": {
          "AmmoId": "msapl:ms_gunpowder"
        }
      },
      "count": 5
    },
    {
      "item": {
        "type": "forge:partial_nbt",
        "item": "tacz:ammo",
        "nbt": {
          "AmmoId": "msapl:ms_crystal"
        }
      },
      "count": 1
    }
  ],
  "result": {
    "type": "ammo",
    "id": "sfms:50arms",
    "count": 38
  },
  "type": "tacz:gun_smith_table_crafting"
}