{
  "materials": [
    {
      "item": {
        "item": "minecraft:netherite_ingot"
      },
      "count": 1
    },
    {
      "item": {
        "type": "forge:partial_nbt",
        "item": "tacz:ammo",
        "nbt": {
          "AmmoId": "msapl:ms_gunpowder"
        }
      },
      "count": 8
    },
    {
      "item": {
        "type": "forge:partial_nbt",
        "item": "tacz:ammo",
        "nbt": {
          "AmmoId": "msapl:ms_crystal"
        }
      },
      "count": 3
    }
  ],
  "result": {
    "type": "ammo",
    "id": "sfms:50ich",
    "count": 3
  },
  "type": "tacz:gun_smith_table_crafting"
}