{
  "materials": [
    {
      "item": {
        "type": "forge:partial_nbt",
        "item": "tacz:ammo",
        "nbt": {
          "AmmoId": "msapl:ms_crystal"
        }
      },
      "count": 2
    },
    {
      "item": {
        "tag": "forge:ingots/iron"
      },
      "count": 8
    },
    {
      "item": {
        "type": "forge:partial_nbt",
        "item": "tacz:ammo",
        "nbt": {
          "AmmoId": "msapl:ms_gunpowder"
        }
      },
      "count": 5
    }
  ],
  "result": {
    "type": "ammo",
    "id": "sfms:m995",
    "count": 75
  },
  "type": "tacz:gun_smith_table_crafting"
}