{
  "ammo": "sfms:300ms",
  "ammo_amount": 60,
  "extended_mag_ammo_amount": [
    70,
    80,
    90
  ],
  "bolt": "closed_bolt",
  "rpm": 720,
  "script": "sfms:ats15mod_logic",
  "script_param": {
    "auto_tactical_reload_cooldown": 3.84,
    "auto_tactical_reload_feed": 2.75,
    "auto_empty_reload_cooldown": 4.21,
    "auto_empty_reload_feed": 2.71,
    "burst_tactical_reload_cooldown": 3.2,
    "burst_tactical_reload_feed": 1.85,
    "burst_empty_reload_cooldown": 3.2,
    "burst_empty_reload_feed": 1.85
  },
  "bullet": {
    "life": 0.9,
    "bullet_amount": 1,
    "damage": 14.5,
//    "tracer_count_interval": 0,
    "extra_damage": {
      "armor_ignore": 0.35,
      "head_shot_multiplier": 1.75,
      "damage_adjust": [
        {"distance": 30, "damage": 14.5},
        {"distance": 60, "damage": 13},
        {"distance": "infinite", "damage": 11}
      ]
    },
    "speed": 280,
    "gravity": 0.15,
    "knockback": 0,
    "friction": 0.015,
    "ignite": false,
    "pierce": 1
  },
  "reload": {
    "type": "magazine",
    "feed": {
      "empty": 2.71,
      "tactical": 2.75
    },
    "cooldown": {
      "empty": 4.21,
      "tactical": 3.84
    }
  },
  "draw_time": 0.47,
  "put_away_time": 0.53,
  "aim_time": 0.24,
  "sprint_time": 0.16,
  "weight": 5.1,
  "movement_speed": {
    "base": 0.0,
    "aim": -0.15,
    "reload": -0.1
  },
  "crawl_recoil_multiplier": 0.5,
  "fire_mode": [
    "auto",
	"burst"
  ],
  "recoil": {
    "pitch": [
      {"time": 0, "value": [0.625, 0.625]},
      {"time": 0.15, "value": [0.625, 0.625]},
      {"time": 0.5, "value": [-0.125, -0.125]},
      {"time": 0.65, "value": [0, 0]}
    ],
    "yaw": [
      {"time": 0, "value": [-0.2, 0.2]},
      {"time": 0.15, "value": [-0.2, 0.2]},
      {"time": 0.5, "value": [0, 0]}
    ]
  },
  "inaccuracy": {
    "stand": 4.35,
    "move": 5,
    "sneak": 4.5,
    "lie": 4.5,
    "aim": 4.65
  },
  // 开火模式调整（如无调整可不写）
  "fire_mode_adjust": {
    // 全自动状态的数值调整，如无调整可不写
    "auto": {
      // 加算，全自动模式的开火数值调整，如无调整可不写
      "damage": 4,
      "rpm": 0,
      "speed": 40,
      "knockback": 0,
      "armor_ignore": 0,
      "head_shot_multiplier": 0.25,
      "aim_inaccuracy": -4.2,
      "other_inaccuracy": -1.7
    },
    // 多连发状态的数值调整，如无调整可不写
     "burst": {
      // 加算，多连发模式的开火数值调整，如无调整可不写
       "damage": 0,
       "rpm": 0,
       "speed": 0,
       "knockback": 0,
       "armor_ignore": 0.1,
       "head_shot_multiplier": 0,
       "aim_inaccuracy": 0,
       "other_inaccuracy": 0
     }
  },
  "burst_data": {
    "continuous_shoot": true,
    "count": 2,
    "bpm": 1000,
    "min_interval": 0.0575
  },
  // 近战相关
  "melee": {
    // 枪械距离参数，用来延升近战攻击范围
    // 会与刺刀等配件的距离做加和
    "distance": 2,
    // 使用时的冷却时间
    "cooldown": 0.6,
    // 默认近战数据，会被配件的数据替换掉
    "default": {
      // 动画类型：没有枪托的为 melee_push，有枪托的为 melee_stock
      "animation_type": "melee_stock",
      // 刺刀距离参数，枪械里还有个刺刀攻击距离参数，两者做加和
      "distance": 1,
      // 刺刀范围角度
      "range_angle": 30,
      // 伤害值
      "damage": 4,
      // 击退效果
      "knockback": 0.5,
      // 前摇时长，单位：秒
      "prep": 0.1
    }
  },
  "allow_attachment_types": [
    "scope",
    "stock",
    "grip",
    "muzzle",
    "extended_mag",
    "laser"
  ],
  "exclusive_attachments": {
  }
}