{
  "materials": [
    {
      "item": {
        "item": "minecraft:redstone"
      },
      "count": 25
    },
    {
      "item": {
        "item": "minecraft:iron_ingot"
      },
      "count": 36
    },
    {
      "item": {
        "tag": "forge:gems/diamond"
      },
      "count": 2
    },
    {
      "item": {
        "tag": "forge:glass"
      },
      "count": 20
    }
  ],
  "result": {
    "type": "attachment",
    "id": "sfms:muzzle_sl_hvq"
  },
  "type": "tacz:gun_smith_table_crafting"
}