{
  "materials": [
    {
      "item": {
        "type": "forge:partial_nbt",
        "item": "tacz:attachment",
        "nbt": {
          "AttachmentId": "tacz:extended_mag_2"
        }
      },
      "count": 1
    },
    {
      "item": {
        "tag": "forge:gems/diamond"
      },
      "count": 2
    },
    {
      "item": {
        "tag": "forge:rods/blaze"
      },
      "count": 6
    }
  ],
  "result": {
    "type": "attachment",
    "id": "sfms:ms_mag2"
  },
  "type": "tacz:gun_smith_table_crafting"
}