{
  "ammo": "sfms:50arms",
  "ammo_amount": 7,
  "extended_mag_ammo_amount": [
    10,
    16,
    20
  ],
  "bolt": "closed_bolt",
  "rpm": 550,
  "bullet": {
    "life": 0.8,
    "bullet_amount": 1,
    "damage": 32,
    "tracer_count_interval": 0,
    "extra_damage": {
      "armor_ignore": 0.27,
      "head_shot_multiplier": 1.75,
      "damage_adjust": [
        {"distance": 45, "damage": 32},
        {"distance": 72, "damage": 25},
        {"distance": "infinite", "damage": 17}
      ]
    },
    "speed": 320,
    "gravity": 0.25,
    "knockback": 0,
    "friction": 0.015,
    "ignite": false,
    "pierce": 2
  },
  "reload": {
    "type": "magazine",
    "feed": {
      "empty": 2.3,
      "tactical": 2
    },
    "cooldown": {
      "empty": 3.31,
      "tactical": 2.75
    }
  },
  "draw_time": 0.43,
  "put_away_time": 0.42,
  "aim_time": 0.43,
  "sprint_time": 0.16,
  "weight": 4.8,
  "movement_speed": {
    "base": 0.0,
    "aim": -0.75,
    "reload": -0.1
  },
  "crawl_recoil_multiplier": 0.55,
  "fire_mode": [
    "semi"
  ],
  "burst_data": {
    "bpm":750,
    "continuous_shoot": true,
    "count": 2,
    "min_interval": 0.5
  },
  "recoil": {
    "pitch": [
      {"time": 0, "value": [4.65, 4.65]},
      {"time": 0.05, "value": [3.7, 3.7]},
      {"time": 0.12, "value": [2.65, 2.65]},
      {"time": 0.65, "value": [-0.125, -0.125]},
      {"time": 0.8, "value": [0, 0]}
    ],
    "yaw": [
      {"time": 0, "value": [-0.35, -0.1]},
      {"time": 0.15, "value": [-0.2, -0.1]},
      {"time": 0.45, "value": [0, 0]},
      {"time": 0.7, "value": [0, 0]}
    ]
  },
  "inaccuracy": {
    "stand": 6.875,
    "move": 5.5,
    "sneak": 3.5,
    "lie": 2.5,
    "aim": 0.38
  },
  // 近战相关
  "melee": {
    // 枪械距离参数，用来延升近战攻击范围
    // 会与刺刀等配件的距离做加和
    "distance": 1,
    // 使用时的冷却时间
    "cooldown": 0.6,
    // 默认近战数据，会被配件的数据替换掉
    "default": {
      // 动画类型：没有枪托的为 melee_push，有枪托的为 melee_stock
      "animation_type": "melee_stock",
      // 刺刀距离参数，枪械里还有个刺刀攻击距离参数，两者做加和
      "distance": 1,
      // 刺刀范围角度
      "range_angle": 30,
      // 伤害值
      "damage": 1,
      // 击退效果
      "knockback": 0.5,
      // 前摇时长，单位：秒
      "prep": 0.1
    }
  },
  "allow_attachment_types": [
    "extended_mag",
    "scope",
	"laser",
    "grip",
    "stock"
  ],
  "builtin_attachments": {
    "scope": "sfms:scope_lpvo"
  }
}