{
  "ammo": "sfms:c901",
  "ammo_amount": 30,
  "extended_mag_ammo_amount": [
    40,
    50,
    60
  ],
  // 指定逻辑机及相关数值的修改
  "script": "sfms:changed_cms901_logic",
  "script_param": {
	"shotgun_spread":0,
    "bullet_count":5, //下挂弹丸数量
    "shotgun_max_ammo":20, //固定的下挂弹匣容量，换弹时长和本体一样，不包括膛内留弹
    "shotgun_xmag1_ammo":25,
    "shotgun_xmag2_ammo":30,//此地为扩容，与本体共享
    "shotgun_xmag3_ammo":40,
    //下面是走过场，换弹时长改这里
    "reload_feed":1.67,
    "reload_cooldown":2.67,
    "empty_feed":1.67,
    "empty_cooldown":3.4
  },
  "heat":  { 
    //这是执行双弹匣逻辑必要的非法操作
    // 过热上限 填啥都行只要是正数
    "max": 1000,
    // 每发子弹过热值 必须是0
    "per_shot": 0
    //剩下的不用操作，因为不被获取
  },
  "bolt": "closed_bolt",
  "rpm": 650,
  "bullet": {
    "life": 0.8,
    "bullet_amount": 1,
    "damage": 21,
    "tracer_count_interval": 0,
    "extra_damage": {
      "armor_ignore": 0.0,
      "head_shot_multiplier": 2.0,
      "damage_adjust": [
        {"distance": 30, "damage": 21},
        {"distance": 45, "damage": 16},
        {"distance": "infinite", "damage": 12}
      ]
    },
    "speed": 220,
    "gravity": 0.25,
    "knockback": 0,
    "friction": 0.015,
    "ignite": false,
    "pierce": 1
  },
  "reload": {
    "type": "magazine",
    "feed": {
      "empty": 2.3,
      "tactical": 2
    },
    "cooldown": {
      "empty": 3.31,
      "tactical": 2.75
    }
  },
  "draw_time": 0.43,
  "put_away_time": 0.42,
  "aim_time": 0.25,
  "sprint_time": 0.16,
  "weight": 4.8,
  "movement_speed": {
    "base": 0.0,
    "aim": -0.75,
    "reload": -0.1
  },
  "crawl_recoil_multiplier": 0.55,
  "fire_mode": [
    "auto",
	"semi"
  ],
  "fire_mode_adjust": {
    "semi": {
	  "damage": -6.0,
      "rpm": -420,
      "speed": 50,
	  "armor_ignore": 0.8,
      "head_shot_multiplier": -0.15,
      "aim_inaccuracy": 0.0,
      "other_inaccuracy": 0.0
    },
    "auto": {
      "damage": 0.8,
      "aim_inaccuracy": 0.0,
      "other_inaccuracy": 0.0
    }
  },
  "burst_data": {
    "bpm":700,
    "continuous_shoot": true,
    "count": 2,
    "min_interval": 0.5
  },
  "recoil": {
    "pitch": [
      {"time": 0, "value": [0.45, 0.45]},
      {"time": 0.3, "value": [0.35, 0.35]},
      {"time": 0.5, "value": [-0.125, -0.125]},
      {"time": 0.65, "value": [0, 0]}
    ],
    "yaw": [
      {"time": 0, "value": [-0.25, 0.25]},
      {"time": 0.3, "value": [-0.35, 0.35]},
      {"time": 0.5, "value": [0, 0]}
    ]
  },
  "inaccuracy": {
    "stand": 4.375,
    "move": 4.5,
    "sneak": 3.5,
    "lie": 2.5,
    "aim": 0.24
  },
  "allow_attachment_types": [
    "extended_mag",
    "scope",
	"laser",//"grip",
    "stock"
  ]
  // 配件槽的默认配件，当未安装配件时使用
  // 默认配件的data将不会被应用，仅仅有外观效果
  // 用于默认瞄具等特殊场合
   //"builtin_attachments": {
   //  "muzzle": "tacz:muzzle_brake_trex"
   //}
}