{
  "ammo": "tacz:50ae",
  "rpm": 220,
  "bullet": {
    "life": 0.7,
    "bullet_amount": 1,
    "damage": 18.7,
    "tracer_count_interval": 0,
    "extra_damage": {
      "armor_ignore": 0.4,
      "head_shot_multiplier": 2.0,
      "damage_adjust": [
        {"distance": 50, "damage": 18.7},
        {"distance": "infinite", "damage": 17.5}
      ]
    },
    "speed": 170,
    "gravity": 0.15,
    "knockback": 0.1,
    "friction": 0.03,
    "ignite": false,
    "pierce": 3,
    "explosion": {
      "explode": false,
      "damage": 30,
      "radius": 0.75,
      "knockback": true,
      "delay": 1
    }
  },
  "ammo_amount": 8,
  "extended_mag_ammo_amount": [
    9,
    10,
    12
  ],
  "bolt": "closed_bolt",
  "reload": {
    "type": "magazine",
    "feed": {
      "empty": 2.1,
      "tactical": 1.85
    },
    "cooldown": {
      "empty": 2.8,
      "tactical": 2.04
    }
  },
  "draw_time": 0.6,
  "put_away_time": 0.5,
  "aim_time": 0.2,
  "sprint_time": 0.2,
  "weight": 2.4,
  "movement_speed": {
    "base": 0.0,
    "aim": -0.1,
    "reload": 0
  },
  "crawl_recoil_multiplier": 0.75,
  "fire_mode": [
    "semi"
  ],
  "allow_attachment_types": [
	"scope",
	"extended_mag",
	"laser",
	"muzzle"
  ],
  "recoil": {
    "pitch": [
      {"time": 0, "value": [0.95, 0.95]},
      {"time": 0.4, "value": [0.95, 0.95]},
      {"time": 0.65, "value": [-0.225, -0.225]},
      {"time": 0.85, "value": [0.125, 0.125]},
      {"time": 1.1, "value": [0, 0]},
      {"time": 1.2, "value": [0, 0]}
    ],
    "yaw": [
      {"time": 0, "value": [-0.3, 0.3]},
      {"time": 0.5, "value": [0, 0]}
    ]
  },
  "inaccuracy": {
    "stand": 2.5,
    "move": 3.5,
    "sneak": 1.5,
    "lie": 1.5,
    "aim": 0.1
  }
}