{
  "ammo": "tacz:45acp",
  "rpm": 250,
  "bullet": {
    "life": 0.6,
    "bullet_amount": 1,
    "damage": 11,
    "tracer_count_interval": 0,
    "extra_damage": {
      "armor_ignore": 0.20,
      "head_shot_multiplier": 1.50,
      "damage_adjust": [
        {"distance": 15, "damage": 11},
        {"distance": 35, "damage": 8},
        {"distance": "infinite", "damage": 5}
      ]
    },
    "speed": 210,
    "gravity": 0.15,
    "knockback": 0,
    "friction": 0.025,
    "ignite": false,
    "pierce": 0
  },
  "ammo_amount": 12,
  "extended_mag_ammo_amount": [
    15,
    18,
    20
  ],
  "bolt": "closed_bolt",
  "reload": {
    "type": "magazine",
    "feed": {
      "empty": 1.75,
      "tactical": 1
    },
    "cooldown": {
      "empty": 2.15,
      "tactical": 1.45
    }
  },
  "draw_time": 0.3,
  "put_away_time": 0.3,
  "aim_time": 0.125,
  "sprint_time": 0.08,
  "weight": 1.1,
  "movement_speed": {
    "base": 0.0,
    "aim": 0,
    "reload": 0.1
  },
  "crawl_recoil_multiplier": 0.75,
  "fire_mode": [
    "semi",
	"auto"
  ],
  "fire_mode_adjust": {
    "semi": {
	  "damage": 1.0,
      "rpm": 500,
      "speed": 30,
      "head_shot_multiplier": 0.25,
      "aim_inaccuracy": -0.06,
      "other_inaccuracy": -0.25
    },
    "auto": {
      "damage": -1.0,
      "aim_inaccuracy": -0.06,
      "other_inaccuracy": -0.25
    }
  },
  "allow_attachment_types": [
    "scope",
	"muzzle",
	"laser",
    "extended_mag"
  ],
  "recoil": {
    "pitch": [
      {"time": 0, "value": [2.15, 2.15]},
      {"time": 0.04, "value": [1.75, 1.75]},
      {"time": 0.08, "value": [1.25, 1.25]},
      {"time": 0.17, "value": [0.1, 0.1]},
      {"time": 0.3, "value": [0.08, 0.08]},
      {"time": 0.35, "value": [0, 0]}
    ],
    "yaw": [
      {"time": 0, "value": [-0.15, 0.15]},
      {"time": 0.25, "value": [-0.15, 0.15]},
      {"time": 1, "value": [0, 0]}
    ]
  },
  // 近战相关
  "melee": {
    // 枪械距离参数，用来延升近战攻击范围
    // 会与刺刀等配件的距离做加和
    "distance": 1,
    // 使用时的冷却时间
    "cooldown": 0.6,
    // 默认近战数据，会被配件的数据替换掉
    "default": {
      // 动画类型：没有枪托的为 melee_push，有枪托的为 melee_stock
      "animation_type": "melee_push",
      // 刺刀距离参数，枪械里还有个刺刀攻击距离参数，两者做加和
      "distance": 1,
      // 刺刀范围角度
      "range_angle": 30,
      // 伤害值
      "damage": 4.3,
      // 击退效果
      "knockback": 0.5,
      // 前摇时长，单位：秒
      "prep": 0.1
    }
  },
  "inaccuracy": {
    "stand": 0.7,
    "move": 1.15,
    "sneak": 0.7,
    "lie": 0.7,
    "aim": 0.05
  }
}