{
  "script": "sfms:inf_x_logic",
  "ammo": "tacz:45acp",
  "rpm": 900,
  "bullet": {
    "life": 0.6,
    "bullet_amount": 1,
    "damage": 11,
    "tracer_count_interval": 0,
    "extra_damage": {
      "armor_ignore": 0.2,
      "head_shot_multiplier": 1.75,
      "damage_adjust": [
        {"distance": 15, "damage": 11},
        {"distance": 35, "damage": 10},
        {"distance": "infinite", "damage": 7}
      ]
    },
    "speed": 190,
    "gravity": 0.15,
    "knockback": 0.1,
    "friction": 0.025,
    "ignite": false,
    "ignite_entity_time": 6,
    "pierce": 0
  },
  "ammo_amount": 24,
  "extended_mag_ammo_amount": [
    30,
    36,
    40
  ],
  "bolt": "open_bolt",
  "reload": {
    "type": "magazine",
    "feed": {
      "empty": 1.63,
      "tactical": 1.04
    },
    "cooldown": {
      "empty": 2.29,
      "tactical": 1.54
    }
  },
  "script_param": {
    "reload_tactical_feed": 1.92,
    "reload_tactical_cooldown": 3.03,
    "reload_last_feed": 2.15,
    "reload_last_cooldown": 3.18,
    "reload_empty_feed": 2.55,
    "reload_empty_cooldown": 3.28
  },
  "draw_time": 0.95,
  "put_away_time": 1,
  "aim_time": 0.2,
  "sprint_time": 0.3,
  "weight": -6.0,
  "fire_mode": [
    "semi",
    "burst"
  ],
  "fire_mode_adjust": {
    "semi": {
	  "damage": 1.5,
      "rpm": 0,
      "speed": 30,
      "head_shot_multiplier": 0.25,
      "aim_inaccuracy": -0.06,
      "other_inaccuracy": -0.25
    },
    "burst": {
      "damage": 0.0,
      "aim_inaccuracy": 0.5,
      "other_inaccuracy": 0.25
    }
  },
  "burst_data": {
    "continuous_shoot": true,
    "count": 1,
    "bpm": 1200,
    "min_interval": 0.2
  },
  "allow_attachment_types": [
    "grip",
	"laser",
    "extended_mag"
  ],
  "recoil": {
    "pitch": [
      {"time": 0, "value": [2.15, 2.15]},
      {"time": 0.04, "value": [1.75, 1.75]},
      {"time": 0.08, "value": [1.25, 1.25]},
      {"time": 0.17, "value": [0.1, 0.1]},
      {"time": 0.3, "value": [0.08, 0.08]},
      {"time": 0.35, "value": [0, 0]}
    ],
    "yaw": [
      {"time": 0, "value": [-0.15, 0.15]},
      {"time": 0.5, "value": [0, 0]}
    ]
  },
  "builtin_attachments": {
  },
  "melee": {
    "distance": 0,
    "cooldown": 0.5
  },
  "inaccuracy": {
    "stand": 0.5,
    "move": 1.0,
    "sneak": 1,
    "lie": 1,
    "aim": 2
  }
}