{
  "ammo": "tacz:556x45",
  "ammo_amount": 25,
  "extended_mag_ammo_amount": [
    30,
    35,
    40
  ],
  "bolt": "closed_bolt",
  "rpm": 900,
  "bullet": {
    "life": 0.75,
    "bullet_amount": 1,
    "damage": 7.6,
    "tracer_count_interval": 0,
    "extra_damage": {
      "armor_ignore": 0.25,
      "head_shot_multiplier": 1.75,
      "damage_adjust": [
        {"distance": 36, "damage": 7.6},
        {"distance": 40, "damage": 6.9},
        {"distance": 60, "damage": 5.5},
        {"distance": "infinite", "damage": 4.5}
      ]
    },
    "speed": 265,
    "gravity": 0.0245,
    "knockback": 0,
    "friction": 0.01,
    "ignite": false,
    "pierce": 1
  },
  "reload": {
    "type": "magazine",
    "feed": {
      "empty": 1.83,
      "tactical": 1.21
    },
    "cooldown": {
      "empty": 2.29,
      "tactical": 2.25
    }
  },
  "draw_time": 0.3,
  "put_away_time": 0.6,
  "aim_time": 0.15,
  "sprint_time": 0.15,
  "weight": 3.4,
  "movement_speed": {
    // 默认修正
    "base": 0.0,
    // 瞄准时
    "aim": -0.2,
    // 换弹时
    "reload": -0.2
  },
  "fire_mode": [
    "auto",
    "semi"
  ],
  "burst_data": {
    "continuous_shoot": false,
    "count": 3,
    "bpm": 1200,
    "min_interval": 0.3
  },
  "recoil": {
    "pitch": [
      {"time": 0, "value": [0.625, 0.625]},
      {"time": 0.15, "value": [0.625, 0.625]},
      {"time": 0.5, "value": [-0.125, -0.125]},
      {"time": 0.65, "value": [0, 0]}
    ],
    "yaw": [
      {"time": 0, "value": [-0.3, 0.2]},
      {"time": 0.15, "value": [-0.3, 0.2]},
      {"time": 0.5, "value": [0, 0]}
    ]
  },
  "inaccuracy": {
    "stand": 5,
    "move": 6,
    "sneak": 4.5,
    "lie": 4,
    "aim": 0.125
  },
  // 近战相关
  "melee": {
    // 枪械距离参数，用来延升近战攻击范围
    // 会与刺刀等配件的距离做加和
    "distance": 1,
    // 使用时的冷却时间
    "cooldown": 1.0,
    // 默认近战数据，会被配件的数据替换掉
    "default": {
      // 动画类型：没有枪托的为 melee_push，有枪托的为 melee_stock
      "animation_type": "melee_stock",
      // 刺刀距离参数，枪械里还有个刺刀攻击距离参数，两者做加和
      "distance": 0,
      // 刺刀范围角度
      "range_angle": 30,
      // 伤害值
      "damage": 2,
      // 击退效果
      "knockback": 0.75,
      // 前摇时长，单位：秒
      "prep": 0.1
    }
  },
  "allow_attachment_types": [
    "scope",
    "stock",
    "grip",
    "muzzle",
    "laser",
    "extended_mag"
  ],
  "exclusive_attachments": {
  }
}