{
  "can_crawl": true,
  "can_slide": false,
  "ammo": "tacz:12g",
  "rpm": 400,
  "bullet": {
    "life": 0.6,
    "bullet_amount": 10,
    "damage": 34,
    "tracer_count_interval": 0,
    "extra_damage": {
      "armor_ignore": 0.25,
      "head_shot_multiplier": 1.35,
      "damage_adjust": [
        {"distance": 12, "damage": 34},
        {"distance": 34, "damage": 30},
        {"distance": "infinite", "damage": 16}
      ]
    },
    "speed": 182,
    "gravity": 0.15,
    "knockback": 0.15,
    "friction": 0.05,
    "ignite": {
      // 点燃实体
      "entity": true,
      // 点燃方块
      "block": false
    },
    // 点燃时间，默认为 2 秒，仅用于实体
    "ignite_entity_time": 20,
    "pierce": 20
  },
  "ammo_amount": 12,
  "extended_mag_ammo_amount": [
    12,
    12,
    12
  ],
  "bolt": "open_bolt",
  "reload": {
    "type": "magazine",
    "feed": {
      "empty": 3.75,
      "tactical": 2.79
    },
    "cooldown": {
      "empty": 4.5,
      "tactical": 3.63
    }
  },
  "draw_time": 0.8,
  "put_away_time": 0.5,
  "aim_time": 0.24,
  "sprint_time": 0.1,
  "bolt_action_time": 1,
  "weight": 1.2,
  "movement_speed": {
    "base": 0.0,
    "aim": 0,
    "reload": 0.1
  },
  "fire_mode": [
    "semi"
  ],
 "recoil": {
    "pitch": [
      {"time": 0, "value": [5.5, 5.5]},
      {"time": 0.1, "value": [4.5, 4.5]},
      {"time": 0.13, "value": [5, 5]},
      {"time": 0.4, "value": [-0.5, -0.5]},
      {"time": 0.53, "value": [0.25, 0.25]},
      {"time": 0.65, "value": [0, 0]},
      {"time": 0.7, "value": [0, 0]}
    ],
    "yaw": [
      {"time": 0, "value": [-1.75, -1.75]},
      {"time": 0.1, "value": [-1.5, -1.5]},
      {"time": 0.5, "value": [0.15, 0.15]},
      {"time": 0.65, "value": [0, 0]}
    ]
  },
  "inaccuracy": {
    "stand": 5.8,
    "move": 9.1,
    "sneak": 7.0,
    "lie": 3.65,
    "aim": 3.5
  },
  "script": "sfms:jak_wardens_akimbo_gun_logic",
  "script_param": {
    "bolt_time": 0.8
  },
  "allow_attachment_types": [
    "extended_mag",
	"grip",
	"laser"
  ]
}
