{
  "ammo": "tacz:rpg_rocket",
  "rpm": 150,
  "ammo_amount": 4,
  "bolt": "open_bolt",
  "bullet": {
    "life": 3,
    "bullet_amount": 1,
    "damage": 20,
    "extra_damage": {
      "armor_ignore": 0,
      "head_shot_multiplier": 1
    },
    "speed": 95,
    "gravity": 0.0245,
    "knockback": 0,
    "friction": 0.005,
    "ignite": false,
    "pierce": 1,
    "explosion": {
      "explode": true,
      "damage": 120,
      "radius": 3,
      "knockback": true,
      "destroy_block": false,
      "delay": 30
    }
  },
  "reload": {
    "type": "magazine",
    "feed": {
      "empty": 4,
      "tactical": 4
    },
    "cooldown": {
      "empty": 5.8333,
      "tactical": 5.8333
    }
  },
  "draw_time": 2.2917,
  "put_away_time": 1.9583,
  "aim_time": 0.2,
  "weight": 12.5,
  "fire_mode": [
    "semi",
    "burst"
  ],
  // 多连续发数据，仅多连发会调用
  "burst_data": {
    // 是否连续射击
    "continuous_shoot": true,
    // 连发数
    "count": 4,
    // 组内连发的射速
    "bpm": 200,
    // 每组连发之间的时间间隔（上一组结束时间到下一组开始的时间间隔），单位秒
    "min_interval": 0.6
  },
  "recoil": {
    "pitch": [
      {"time": 0, "value": [2.25, 2.25]},
      {"time": 0.32, "value": [2.25, 2.25]},
      {"time": 0.5, "value": [-0.75, -0.75]},
      {"time": 0.65, "value": [0.25, 0.25]},
      {"time": 0.72, "value": [0, 0]},
      {"time": 0.8, "value": [0, 0]}
    ],
    "yaw": [
      {"time": 0, "value": [-0.25, 0.25]},
      {"time": 0.55, "value": [0, 0]}
    ]
  },
  "inaccuracy": {
    "stand": 1,
    "move": 1.15,
    "sneak": 0.85,
    "lie": 0.75,
    "aim": 0.15
  },
  "allow_attachment_types": [
    "scope",
	"laser",
    "extended_mag"
  ]
}