{
  "can_crawl": true,
  "can_slide": true,
  "ammo": "tacz:68x51fury",
  "ammo_amount": 20,
  "extended_mag_ammo_amount": [
    25,
    30,
    40
  ],
  "bolt": "closed_bolt",
  "rpm": 800,
  "bullet": {
    "life": 0.8,
    "bullet_amount": 1,
    "damage": 8,
    "tracer_count_interval": 0,
    "extra_damage": {
      "armor_ignore": 0.45,
      "head_shot_multiplier": 1.8,
      "damage_adjust": [
        {"distance": 45, "damage": 18.5},
        {"distance": 60, "damage": 14.125},
        {"distance": "infinite", "damage": 12.75}
      ]
    },
    "speed": 350,
    "gravity": 0.15,
    "knockback": 0,
    "friction": 0.0125,
    "ignite": false,
    "pierce": 1,
    "explosion": {
      "explode": false,
      "damage": 25,
      "radius": 0.75,
      "knockback": true,
      "delay": 1
    }
  },
  "reload": {
    "type": "magazine",
    "feed": {
      "empty": 2.04,
      "tactical": 1.48
    },
    "cooldown": {
      "empty": 2.6,
      "tactical": 2.32
    }
  },
  "script": "sfms:xmag_reload_logic",
  "script_param": {
    "reload_feed": 1.48,
    "reload_cooldown": 2.32,
    "empty_feed": 2.04,
    "empty_cooldown": 2.6,
    "reload_xmag_1_feed": 1.76,
    "reload_xmag_1_cooldown": 2.6,
    "empty_xmag_1_feed": 2.32,
    "empty_xmag_1_cooldown": 3,
    "reload_xmag_2_feed": 1.52,
    "reload_xmag_2_cooldown": 2.68,
    "empty_xmag_2_feed": 2.48,
    "empty_xmag_2_cooldown": 3.32,
    "reload_xmag_3_feed": 1.64,
    "reload_xmag_3_cooldown": 2.68,
    "empty_xmag_3_feed": 2.64,
    "empty_xmag_3_cooldown": 3.32
  },
  "draw_time": 0.76,
  "put_away_time": 0.56,
  "aim_time": 0.26,
  "sprint_time": 0.21,
  "weight": 5.6,
  "movement_speed": {
    "base": 0.0,
    "aim": -0.2,
    "reload": -0.1
  },
  "crawl_recoil_multiplier": 0.5,
  "fire_mode": [
    "semi",
    "auto"
  ],
  "fire_mode_adjust": {
    "semi": {
	  "damage": 1.0,
      "rpm": 100,
      "speed": 30,
      "head_shot_multiplier": 0.25,
      "aim_inaccuracy": -0.06,
      "other_inaccuracy": -0.25
    },
    "auto": {
      "damage": -2.9,
      "aim_inaccuracy": -0.06,
	  "head_shot_multiplier": -0.35,
      "aim_inaccuracy": 0.6,
      "other_inaccuracy": 2.25
    }
  },
  "recoil": {
    "pitch": [
      {"time": 0, "value": [1.75, 1.75]},
      {"time": 0.2, "value": [1.75, 1.75]},
      {"time": 0.4, "value": [-0.125, -0.125]},
      {"time": 0.5, "value": [0, 0]}
    ],
    "yaw": [
      {"time": 0, "value": [-0.45, 0.35]},
      {"time": 0.3, "value": [-0.45, 0.35]},
      {"time": 0.5, "value": [0, 0]}
    ]
  },
  "inaccuracy": {
    "stand": 5.5,
    "move": 7,
    "sneak": 2.75,
    "lie": 1.6,
    "aim": 0.075
  },
  "melee": {
    "distance": 1,
    "cooldown": 0.6,
    "default": {
      "animation_type": "melee_stock",
      "distance": 1,
      "range_angle": 30,
      "damage": 2,
      "knockback": 0.6,
      "prep": 0.1
    }
  },
  "allow_attachment_types": [
    "scope",
    "stock",
    "muzzle",
    "grip",
    "extended_mag",
    "laser"
  ]
}