{
  // 是否允许趴下
  "can_crawl": true,
  // 是否允许斜握（仅视觉效果）
  "can_slide": true,
  "ammo": "tacz:9mm",
  "rpm": 800,
  "bullet": {
    "life": 0.75,
    "bullet_amount": 1,
    "damage": 11.2,
    "tracer_count_interval": 0,
    "extra_damage": {
      "armor_ignore": 0.25,
      "head_shot_multiplier": 1.75,
      "damage_adjust": [
		{"distance": 30, "damage": 11.2},
        {"distance": 45, "damage": 9.2},
        {"distance": 60, "damage": 7.875},
        {"distance": "infinite", "damage": 6.25}
      ]
    },
    "speed": 270,
    "gravity": 0.15,
    "knockback": 0.2,
    "friction": 0.02,
    "ignite": false,
    "pierce": 1
  },
  "ammo_amount": 20,
  "extended_mag_ammo_amount": [
    25,
    30,
    45
  ],
  "script": "tacz:xmag_reload_logic",
  "script_param": {
    "reload_feed": 1.34,
    "reload_cooldown": 2.17,
    "empty_feed": 2.01,
    "empty_cooldown": 2.68,
    "reload_xmag_1_feed": 1.34,
    "reload_xmag_1_cooldown": 2.17,
    "empty_xmag_1_feed": 2.01,
    "empty_xmag_1_cooldown": 2.68,
    "reload_xmag_2_feed": 2.46,
    "reload_xmag_2_cooldown": 3.38,
    "empty_xmag_2_feed": 3.14,
    "empty_xmag_2_cooldown": 3.92,
    "reload_xmag_3_feed": 2.46,
    "reload_xmag_3_cooldown": 3.38,
    "empty_xmag_3_feed": 3.14,
    "empty_xmag_3_cooldown": 3.92
  },
  "bolt": "closed_bolt",
  "reload": {
    "type": "magazine",
    "feed": {
      "empty": 2.01,
      "tactical": 1.34
    },
    "cooldown": {
      "empty": 2.68,
      "tactical": 2.17
    }
  },
  "draw_time": 0.85,
  "put_away_time": 0.58,
  "sprint_time": 0.11,
  "aim_time": 0.21,
  "weight": 3.2,
  "movement_speed": {
    "base": 0.0,
    "aim": -0.1,
    "reload": 0
  },
  "crawl_recoil_multiplier": 0.75,
  "fire_mode": [
    "semi",
    "burst"
  ],
  "burst_data": {
    "continuous_shoot": true,
    "count": 2,
    "bpm": 600,
    "min_interval": 0.3
  },
  "fire_mode_adjust": {
    "semi": {
	  "damage": 1.0,
      "rpm": 400,
      "speed": 30,
      "head_shot_multiplier": 0.05
    },
    "burst": {
      "damage": -1.5,
      "aim_inaccuracy": 0.26,
      "other_inaccuracy": 0.25,
	  "head_shot_multiplier": -0.15
    }
  },
  "allow_attachment_types": [
    "scope",
    "stock",
	"muzzle",
    "grip",
    "extended_mag",
    "laser"
  ],
  "recoil": {
    "pitch": [
      {"time": 0, "value": [0.45, 0.45]},
      {"time": 0.3, "value": [0.45, 0.45]},
      {"time": 0.5, "value": [-0.125, -0.125]},
      {"time": 0.65, "value": [0, 0]}
    ],
    "yaw": [
      {"time": 0, "value": [-0.275, 0.275]},
      {"time": 0.3, "value": [-0.275, 0.275]},
      {"time": 0.5, "value": [0, 0]}
    ]
  },
  "inaccuracy": {
    "stand": 3.5,
    "move": 4.5,
    "sneak": 2.25,
    "lie": 1.5,
    "aim": 0.175
  },
  "melee": {
    "distance": 1,
    "cooldown": 0.6,
    "default": {
      "animation_type": "melee_push",
      "distance": 1,
      "range_angle": 40,
      "cooldown": 0,
      "damage": 1,
      "knockback": 0.4,
      "prep": 0.1
    }
  }
}