{
  "ammo": "sfms:30scp",
  "rpm": 380,
  "script": "tacz:xmag_reload_logic",
  "script_param": {
    "reload_feed": 1.2,
    "reload_cooldown": 1.64,
    "empty_feed": 1.5,
    "empty_cooldown": 2,
    "reload_xmag_1_feed": 1.28,
    "reload_xmag_1_cooldown": 1.65,
    "empty_xmag_1_feed": 2.03,
    "empty_xmag_1_cooldown": 2.23,
    "reload_xmag_2_feed": 1.45,
    "reload_xmag_2_cooldown": 1.65,
    "empty_xmag_2_feed": 2.03,
    "empty_xmag_2_cooldown": 2.23,
    "reload_xmag_3_feed": 1.53,
    "reload_xmag_3_cooldown": 1.65,
    "empty_xmag_3_feed": 2.03,
    "empty_xmag_3_cooldown": 2.23
  },
  "bullet": {
    "life": 1,
    "bullet_amount": 1,
    "damage": 16,
    "tracer_count_interval": 0,
    "extra_damage": {
      "armor_ignore": 0.45,
      "head_shot_multiplier": 1.75,
      "damage_adjust": [
        {"distance": 20, "damage": 16},
        {"distance": 50, "damage": 14},
        {"distance": "infinite", "damage": 12}
      ]
    },
    "speed": 185,
    "gravity": 0.15,
    "knockback": 0.1,
    "friction": 0.035,
    "ignite": false,
    "pierce": 1,
    "explosion": {
      "explode": false,
      "damage": 30,
      "radius": 0.75,
      "knockback": true,
      "delay": 1
    }
  },
  "ammo_amount": 12,
  "extended_mag_ammo_amount": [
    14,
    16,
    18
  ],
  "bolt": "closed_bolt",
  "reload": {
    "type": "magazine",
    "feed": {
      "empty": 1.96,
      "tactical": 1.16
    },
    "cooldown": {
      "empty": 2.48,
      "tactical": 1.98
    }
  },
  "draw_time": 0.63,
  "put_away_time": 0.28,
  "aim_time": 0.16,
  "sprint_time": 0.05,
  "weight": 1.5,
  "fire_mode": [
    "semi"
  ],
  "allow_attachment_types": [
    "scope",
    "extended_mag",
    "laser"
  ],
  "recoil": {
    "pitch": [
      {"time": 0, "value": [0.8, 0.8]},
      {"time": 0.15, "value": [0.55, 0.55]},
      {"time": 0.4, "value": [0.05, 0.05]},
      {"time": 0.5, "value": [0.15, 0.2]},
      {"time": 0.55, "value": [0.0, 0.0]}
    ],
    "yaw": [
      {"time": 0, "value": [-0.1, 0.1]},
      {"time": 0.45, "value": [0, 0]}
    ]
  },
  // 近战相关
  "melee": {
    // 枪械距离参数，用来延升近战攻击范围
    // 会与刺刀等配件的距离做加和
    "distance": 1,
    // 使用时的冷却时间
    "cooldown": 0.6,
    // 默认近战数据，会被配件的数据替换掉
    "default": {
      // 动画类型：没有枪托的为 melee_push，有枪托的为 melee_stock
      "animation_type": "melee_push",
      // 刺刀距离参数，枪械里还有个刺刀攻击距离参数，两者做加和
      "distance": 1,
      // 刺刀范围角度
      "range_angle": 30,
      // 伤害值
      "damage": 4.3,
      // 击退效果
      "knockback": 0.5,
      // 前摇时长，单位：秒
      "prep": 0.1
    }
  },
  "inaccuracy": {
    "stand": 1.1,
    "move": 2,
    "sneak": 1,
    "lie": 1.1,
    "aim": 0.1
  }
}