{
  "ammo": "sfms:12ap",
  "ammo_amount": 8,
  "extended_mag_ammo_amount": [
    9,
    10,
    11
  ],
  "bolt": "manual_action",
  "rpm": 240,
  "bullet": {
    "life": 0.6,
    "bullet_amount": 4,
    "damage": 45,
    "tracer_count_interval": 0,
    "extra_damage": {
      "armor_ignore": 0.75,
      "head_shot_multiplier": 1.33,
      "damage_adjust": [
        {"distance": 35, "damage": 45},
        {"distance": 55, "damage": 37},
        {"distance": "infinite", "damage": 21}
      ]
    },
    "speed": 230,
    "gravity": 0.15,
    "knockback": 0.15,
    "friction": 0.05,
    "ignite": false,
    "pierce": 2
  },
  "reload": {
    "type": "magazine",
    "feed": {
      "empty": 2.13,
      "tactical": 0.67
    },
    "cooldown": {
      "empty": 0.67,
      "tactical": 0.23
    }
  },
  "draw_time": 0.25,
  "put_away_time": 0.45,
  "aim_time": 0.15,
  "sprint_time": 0.13,
  "bolt_action_time": 0.001,
  "weight": 3.2,
  "movement_speed": {
    "base": 0.0,
    "aim": -0.2,
    "reload": 0
  },
  "fire_mode": [
    "semi"
  ],
  "burst_data": {
    "continuous_shoot": false,
    "count": 1,
    "bpm": 1200,
    "min_interval": 0.3
  },
 "recoil": {
    "pitch": [
      {"time": 0, "value": [5.5, 5.5]},
      {"time": 0.1, "value": [4.5, 4.5]},
      {"time": 0.13, "value": [5, 5]},
      {"time": 0.4, "value": [-0.5, -0.5]},
      {"time": 0.53, "value": [0.25, 0.25]},
      {"time": 0.65, "value": [0, 0]},
      {"time": 0.7, "value": [0, 0]}
    ],
    "yaw": [
      {"time": 0, "value": [-2, -2]},
      {"time": 0.1, "value": [-1.75, -1.75]},
      {"time": 0.5, "value": [0.25, 0.25]},
      {"time": 0.65, "value": [0, 0]}
    ]
  },
  "inaccuracy": {
    "stand": 1.15,
    "move": 1.17,
    "sneak": 1.15,
    "lie": 1.15,
    "aim": 0.25
  },
  "melee": {
    "distance": 1.25,
    "cooldown": 0.7,
    "default": {
      "animation_type": "melee_stock",
      "distance": 1,
      "range_angle": 30,
      "damage": 4,
      "knockback": 0.6,
      "prep": 0.1
    }
  },
  "script": "sfms:changed_xm1014_logic",
  "script_param": {
    "bolt_time": 0.7,
    "bolt_feed_time": 0.45,
    "intro_empty": 2,
    "intro_empty_feed": 1.13,
    "intro_savior": 1,
    "intro_savior_feed": 0.6,
    "intro_savior_empty": 1.4667,
    "intro_savior_empty_feed": 0.8,
    "intro": 0.4667,
    "loop": 0.6667,
    "loop_feed": 0.37,
    "ending": 0.5333,
    "ending_savior": 0.5333
  },
  "allow_attachment_types": [
    "extended_mag",
    "muzzle",
    "grip",
	"laser",
    "scope"
  ]
}
