{
  "ammo": "sfms:m995",
  "ammo_amount": 30,
  "extended_mag_ammo_amount": [
    40,
    50,
    100
  ],
  "bolt": "closed_bolt",
  "rpm": 750,
  "script": "tacz:xmag_reload_logic",
  "script_param": {
    "reload_feed": 1.3,
    "reload_cooldown": 2,
    "empty_feed": 1.86,
    "empty_cooldown": 2.3,
    "reload_xmag_1_feed": 1.87,
    "reload_xmag_1_cooldown": 2.27,
    "empty_xmag_1_feed": 2.23,
    "empty_xmag_1_cooldown": 2.7,
    "reload_xmag_2_feed": 2.17,
    "reload_xmag_2_cooldown": 2.67,
    "empty_xmag_2_feed": 2.37,
    "empty_xmag_2_cooldown": 2.83,
    "reload_xmag_3_feed": 2.83,
    "reload_xmag_3_cooldown": 3.36,
    "empty_xmag_3_feed": 3.25,
    "empty_xmag_3_cooldown": 3.38
  },
  "bullet": {
    "life": 0.9,
    "bullet_amount": 1,
    "damage": 14.7,
    "tracer_count_interval": 0,
    "extra_damage": {
      "armor_ignore": 0.55,
      "head_shot_multiplier": 1.75,
      "damage_adjust": [
        {"distance": 40, "damage": 14.7},
        {"distance": 60, "damage": 12},
        {"distance": "infinite", "damage": 9}
      ]
    },
    "speed": 290,
    "gravity": 0.15,
    "knockback": 0,
    "friction": 0.015,
    "ignite": false,
    "pierce": 1
  },
  "reload": {
    "type": "magazine",
    "feed": {
      "empty": 1.86,
      "tactical": 1.3
    },
    "cooldown": {
      "empty": 2.3,
      "tactical": 2
    }
  },
  "draw_time": 0.47,
  "put_away_time": 0.53,
  "aim_time": 0.2,
  "sprint_time": 0.16,
  "weight": 3.8,
  "movement_speed": {
    "base": 0.0,
    "aim": -0.15,
    "reload": -0.1
  },
  "crawl_recoil_multiplier": 0.5,
  "fire_mode": [
    "auto",
	"burst",
    "semi"
  ],
  "burst_data": {
    "continuous_shoot": true,
    "count": 3,
    "bpm": 1200,
    "min_interval": 0.35
  },
  "recoil": {
    "pitch": [
      {"time": 0, "value": [0.925, 0.925]},
      {"time": 0.15, "value": [0.625, 0.625]},
      {"time": 0.5, "value": [-0.125, -0.125]},
      {"time": 0.65, "value": [0, 0]}
    ],
    "yaw": [
      {"time": 0, "value": [-0.3, 0.3]},
      {"time": 0.15, "value": [-0.3, 0.3]},
      {"time": 0.5, "value": [0, 0]}
    ]
  },
  "inaccuracy": {
    "stand": 4.75,
    "move": 5,
    "sneak": 2.25,
    "lie": 1.5,
    "aim": 0.1
  },
  // 近战相关
  "melee": {
    // 枪械距离参数，用来延升近战攻击范围
    // 会与刺刀等配件的距离做加和
    "distance": 1,
    // 使用时的冷却时间
    "cooldown": 0.6,
    // 默认近战数据，会被配件的数据替换掉
    "default": {
      // 动画类型：没有枪托的为 melee_push，有枪托的为 melee_stock
      "animation_type": "melee_stock",
      // 刺刀距离参数，枪械里还有个刺刀攻击距离参数，两者做加和
      "distance": 1,
      // 刺刀范围角度
      "range_angle": 30,
      // 伤害值
      "damage": 4,
      // 击退效果
      "knockback": 0.5,
      // 前摇时长，单位：秒
      "prep": 0.1
    }
  },
  "allow_attachment_types": [
    "scope",
    "stock",
    "grip",
    "muzzle",
    "extended_mag",
    "laser"
  ],
   "builtin_attachments": {
     "muzzle": "sfms:muzzle_sl_sass1",
	 "stock": "sfms:stock_ms4s",
	 "laser": "sfms:laser_eos"
   },
  "exclusive_attachments": {
  }
}