{
  "ammo": "tacz:50ae",
  "rpm": 600,
  "bullet": {
    "life": 0.7,
    "bullet_amount": 1,
    "damage": 16.7,
    "tracer_count_interval": 0,
    "extra_damage": {
      "armor_ignore": 0.4,
      "head_shot_multiplier": 1.8,
      "damage_adjust": [
		{"distance": 1, "damage": 16.7},
		{"distance": 5, "damage": 28.8},
		{"distance": 10, "damage": 22.4},
        {"distance": 25, "damage": 16.7},
        {"distance": 45, "damage": 14},
        {"distance": 60, "damage": 9},
        // 如果你忘记写这个无穷，那么超过上述距离，我就认为是 0
        {"distance": "infinite", "damage": 7}
      ]
    },
    "speed": 180,
    "gravity": 0.1,
    "knockback": 0.05,
    "friction": 0.03,
    "ignite": false,
    "pierce": 2,
    "explosion": {
      "explode": false,
      "damage": 20,
      "radius": 0.6,
      "knockback": true,
      "delay": 1
    }
  },
  "ammo_amount": 10,
  "extended_mag_ammo_amount": [
    12,
    14,
    16
  ],
  "bolt": "closed_bolt",
  "reload": {
    "type": "magazine",
    "feed": {
      "empty": 1.93,
      "tactical": 1.53
    },
    "cooldown": {
      "empty": 2.33,
      "tactical": 1.93
    }
  },
  "draw_time": 0.35,
  "put_away_time": 0.33,
  "aim_time": 0.2,
  "sprint_time": 0.2,
  "weight": 2.5,
  "movement_speed": {
    "base": 0.0,
    "aim": -0.1,
    "reload": 0
  },
  "crawl_recoil_multiplier": 0.75,
  "fire_mode": [
	"auto",
    "semi"
  ],
  "recoil": {
    "pitch": [
      {"time": 0, "value": [1.25, 1.25]},
      {"time": 0.4, "value": [1.25, 1.25]},
      {"time": 0.65, "value": [-0.225, -0.225]},
      {"time": 0.85, "value": [0.225, 0.225]},
      {"time": 1.1, "value": [0, 0]},
      {"time": 1.2, "value": [0, 0]}
    ],
    "yaw": [
      {"time": 0, "value": [-0.7, 0.7]},
      {"time": 0.5, "value": [0, 0]}
    ]
  },
  "inaccuracy": {
    "stand": 4,
    "move": 7.5,
    "sneak": 3,
    "lie": 2.2,
    "aim": 0.45
  },
  "allow_attachment_types": [
    "scope",
    "muzzle",
	"laser",
	"grip",
    "extended_mag"
  ]
}