{
  "ammo": "sfms:50arms",
  "ammo_amount": 1,
  "extended_mag_ammo_amount": [
    1,
    1,
    1
  ],
  "bolt": "open_bolt",
  "rpm": 350,
  "bullet": {
    "life": 0.8,
    "bullet_amount": 1,
    "damage": 52.5,
    "tracer_count_interval": 0,
    "extra_damage": {
      "armor_ignore": 0.20,
      "head_shot_multiplier": 1.75,
      "damage_adjust": [
	    {"distance": 7, "damage": 84.7},
        {"distance": 36, "damage": 52.5},
        {"distance": 65, "damage": 27.4},
        {"distance": "infinite", "damage": 17}
      ]
    },
    "speed": 260,
    "gravity": 0.05,
    "knockback": 0.4,
    "friction": 0.015,
    "ignite": {
      "entity": false,
      "block": false
    },
    "ignite_entity_time": 30,
    "pierce": 2
  },
  "reload": {
    "type": "magazine",
    "feed": {
      "empty": 0.8,
      "tactical": 0.5
    },
    "cooldown": {
      "empty": 1.5,
      "tactical": 1.0
    }
  },
  "draw_time": 0.43,
  "put_away_time": 0.42,
  "aim_time": 0.13,
  "sprint_time": 0.16,
  "weight": 2.5,
  "movement_speed": {
    "base": 0.0,
    "aim": -0.15,
    "reload": -0.1
  },
  "crawl_recoil_multiplier": 0.55,
  "fire_mode": [
    "semi"
  ],
  "burst_data": {
    "bpm":750,
    "continuous_shoot": true,
    "count": 2,
    "min_interval": 0.5
  },
  "recoil": {
    "pitch": [
      {"time": 0, "value": [7.65, 7.65]},
      {"time": 0.05, "value": [5.7, 5.7]},
      {"time": 0.12, "value": [2.65, 2.65]},
      {"time": 0.65, "value": [-0.125, -0.125]},
      {"time": 0.8, "value": [0, 0]}
    ],
    "yaw": [
      {"time": 0, "value": [-0.35, -0.1]},
      {"time": 0.15, "value": [-0.2, -0.1]},
      {"time": 0.45, "value": [0, 0]},
      {"time": 0.7, "value": [0, 0]}
    ]
  },
  "inaccuracy": {
    "stand": 3.875,
    "move": 3.5,
    "sneak": 3.5,
    "lie": 2.5,
    "aim": 0.28
  },
  // 近战相关
  "melee": {
    // 枪械距离参数，用来延升近战攻击范围
    // 会与刺刀等配件的距离做加和
    "distance": 1,
    // 使用时的冷却时间
    "cooldown": 0.6,
    // 默认近战数据，会被配件的数据替换掉
    "default": {
      // 动画类型：没有枪托的为 melee_push，有枪托的为 melee_stock
      "animation_type": "melee_stock",
      // 刺刀距离参数，枪械里还有个刺刀攻击距离参数，两者做加和
      "distance": 1,
      // 刺刀范围角度
      "range_angle": 30,
      // 伤害值
      "damage": 4,
      // 击退效果
      "knockback": 0.5,
      // 前摇时长，单位：秒
      "prep": 0.1
    }
  },
  "allow_attachment_types": [
    "extended_mag",
    "scope",
	"muzzle",
	"laser"
  ],
  "builtin_attachments": {
    "scope": "sfms:sight_rmrhdar"
  }
}