{
  "ammo": "sfms:50ich",
  "ammo_amount": 1,
  "extended_mag_ammo_amount": [
    1,
    1,
    1
  ],
  "bolt": "open_bolt",
  "rpm": 50,
  "bullet": {
    "life": 0.8,
    "bullet_amount": 1,
    "damage": 52.5,
    "tracer_count_interval": 0,
    "extra_damage": {
      "armor_ignore": 1.0,
      "head_shot_multiplier": 2.4,
      "damage_adjust": [
	    {"distance": 35, "damage": 500.0},
        {"distance": 45, "damage": 452.5},
        {"distance": 65, "damage": 327.4},
        {"distance": "infinite", "damage": 217}
      ]
    },
    "speed": 260,
    "gravity": 0.0,
    "knockback": 1.0,
    "friction": 0.015,
    "ignite": {
      "entity": true,
      "block": true
    },
    "ignite_entity_time": 60,
    "pierce": 40
  },
  "reload": {
    "type": "magazine",
    "feed": {
      "empty": 0.8,
      "tactical": 0.5
    },
    "cooldown": {
      "empty": 1.5,
      "tactical": 1.0
    }
  },
  "draw_time": 0.43,
  "put_away_time": 0.42,
  "aim_time": 0.13,
  "sprint_time": 0.16,
  "weight": 2.5,
  "movement_speed": {
    "base": 0.0,
    "aim": -0.15,
    "reload": -0.1
  },
  "crawl_recoil_multiplier": 0.55,
  "fire_mode": [
    "semi"
  ],
  "burst_data": {
    "bpm":750,
    "continuous_shoot": true,
    "count": 2,
    "min_interval": 0.5
  },
  "recoil": {
    "pitch": [
      {"time": 0, "value": [15.5, 15.5]},
      {"time": 0.17, "value": [7.5, 7.5]},
      {"time": 0.26, "value": [5.25, 5.25]},
      {"time": 0.34, "value": [4, 4]},
      {"time": 1.21, "value": [0.25, 0.25]},
      {"time": 1.53, "value": [0, 0]},
      {"time": 1.58, "value": [0, 0]}
    ],
    "yaw": [
      {"time": 0, "value": [-1.25, -1.25]},
      {"time": 0.08, "value": [1.15, 1.15]},
      {"time": 0.17, "value": [-0.5, -0.5]},
      {"time": 0.28, "value": [0.25, 0.25]},
      {"time": 0.5, "value": [0, 0]},
      {"time": 0.8, "value": [0, 0]}
    ]
  },
  "inaccuracy": {
    "stand": 3.875,
    "move": 3.5,
    "sneak": 0.28,
    "lie": 2.5,
    "aim": 0.28
  },
  // 近战相关
  "melee": {
    // 枪械距离参数，用来延升近战攻击范围
    // 会与刺刀等配件的距离做加和
    "distance": 1,
    // 使用时的冷却时间
    "cooldown": 0.6,
    // 默认近战数据，会被配件的数据替换掉
    "default": {
      // 动画类型：没有枪托的为 melee_push，有枪托的为 melee_stock
      "animation_type": "melee_stock",
      // 刺刀距离参数，枪械里还有个刺刀攻击距离参数，两者做加和
      "distance": 1,
      // 刺刀范围角度
      "range_angle": 30,
      // 伤害值
      "damage": 4,
      // 击退效果
      "knockback": 0.5,
      // 前摇时长，单位：秒
      "prep": 0.1
    }
  },
  "allow_attachment_types": [
    "scope",
	"muzzle",
	"laser"
  ],
  "builtin_attachments": {
    "scope": "sfms:sight_rmrhdar"
  }
}