{
  "ammo": "tacz:9mm",
  "ammo_amount": 30,
  "extended_mag_ammo_amount": [
    36,
    40,
    45
  ],
  "bolt": "closed_bolt",
  "rpm": 1000,
  "bullet": {
    "life": 0.9,
    "bullet_amount": 1,
    "damage": 6.8,
    "tracer_count_interval": 0,
    "extra_damage": {
      "armor_ignore": 0.2,
      "head_shot_multiplier": 1.5,
      "damage_adjust": [
		{"distance": 1, "damage": 6.8},
		{"distance": 10, "damage": 9.4},
        {"distance": 25, "damage": 6.8},
		{"distance": 40, "damage": 6.2},
        {"distance": "infinite", "damage": 5.2}
      ]
    },
    "speed": 290,
    "gravity": 0.15,
    "knockback": 0,
    "friction": 0.015,
    "ignite": false,
    "pierce": 1
  },
  "reload": {
    "type": "magazine",
    "feed": {
      "empty": 1.86,
      "tactical": 1.3
    },
    "cooldown": {
      "empty": 2.3,
      "tactical": 2
    }
  },
  "draw_time": 0.47,
  "put_away_time": 0.53,
  "aim_time": 0.15,
  "sprint_time": 0.16,
  "weight": 2.1,
  "movement_speed": {
    "base": 0.0,
    "aim": -0.15,
    "reload": -0.1
  },
  "crawl_recoil_multiplier": 0.5,
  "fire_mode": [
    "auto",
    "semi"
  ],
  "recoil": {
    "pitch": [
      {"time": 0, "value": [0.325, 0.325]},
      {"time": 0.15, "value": [0.325, 0.325]},
      {"time": 0.5, "value": [-0.125, -0.125]},
      {"time": 0.65, "value": [0, 0]}
    ],
    "yaw": [
      {"time": 0, "value": [-0.18, 0.18]},
      {"time": 0.15, "value": [-0.2, 0.2]},
      {"time": 0.5, "value": [0, 0]}
    ]
  },
  "inaccuracy": {
    "stand": 3.85,
    "move": 4,
    "sneak": 3.5,
    "lie": 1.9,
    "aim": 0.27
  },
  "burst_data": {
    "continuous_shoot": true,
    "count": 3,
    "bpm": 900,
    "min_interval": 0.3
  },
  // 近战相关
  "melee": {
    // 枪械距离参数，用来延升近战攻击范围
    // 会与刺刀等配件的距离做加和
    "distance": 2,
    // 使用时的冷却时间
    "cooldown": 0.6,
    // 默认近战数据，会被配件的数据替换掉
    "default": {
      // 动画类型：没有枪托的为 melee_push，有枪托的为 melee_stock
      "animation_type": "melee_stock",
      // 刺刀距离参数，枪械里还有个刺刀攻击距离参数，两者做加和
      "distance": 1,
      // 刺刀范围角度
      "range_angle": 30,
      // 伤害值
      "damage": 2,
      // 击退效果
      "knockback": 0.5,
      // 前摇时长，单位：秒
      "prep": 0.1
    }
  },
  "allow_attachment_types": [
    "scope",
    "stock",
    "grip",
	"muzzle",
    "extended_mag",
    "laser"
  ],
  "exclusive_attachments": {
  }
}