{
  "ammo": "tacz:12g",
  "ammo_amount": 5,
  "extended_mag_ammo_amount": [
    8,
    14,
    20
  ],
  "bolt": "closed_bolt",
  "rpm": 320,
  "bullet": {
    "life": 0.8,
    "bullet_amount": 8,
    "damage": 41,
    "extra_damage": {
      "armor_ignore": 0.12,
      "head_shot_multiplier": 1.5,
      "damage_adjust": [
        {"distance": 24, "damage": 41},
        {"distance": 45, "damage": 30},
        {"distance": "infinite", "damage": 27}
      ]
    },
    "speed": 280,
    "gravity": 0.0245,
    "knockback": 0,
    "friction": 0.012,
    "ignite": false,
    "pierce": 1
  },
  "reload": {
    "type": "magazine",
    "feed": {
      "empty": 3,
      "tactical": 2
    },
    "cooldown": {
      "empty": 3.79,
      "tactical": 2.88
    }
  },
  "draw_time": 0.48,
  "put_away_time": 0.7,
  "aim_time": 0.2,
  "sprint_time": 0.22,
  "weight": 3.65,
  "movement_speed": {
    "base": 0.0,
    "aim": -0.2,
    "reload": -0.1
  },
  "crawl_recoil_multiplier": 0.5,
  "fire_mode": [
    "semi"
  ],
  "recoil": {
    "pitch": [
      {"time": 0, "value": [0.6, 0.6]},
      {"time": 0.25, "value": [0.6, 0.6]},
      {"time": 0.65, "value": [-0.175, -0.175]},
      {"time": 0.7, "value": [0, 0]}
    ],
    "yaw": [
      {"time": 0, "value": [-0.375, 0.35]},
      {"time": 0.25, "value": [-0.375, 0.35]},
      {"time": 0.45, "value": [0, 0]}
    ]
  },
  "inaccuracy": {
    "stand": 3.2,
    "move": 3.3,
    "sneak": 3.0,
    "lie": 3.0,
    "aim": 2.6
  },
  "melee": {
    "distance": 1,
    "cooldown": 0.7,
    "default": {
      "animation_type": "melee_stock",
      "distance": 1,
      "range_angle": 30,
      "damage": 2,
      "knockback": 0.6,
      "prep": 0.1
    }
  },
  "allow_attachment_types": [
    "scope",
    "grip",
    "laser",
    "muzzle",
    "extended_mag"
  ],
  "exclusive_attachments": {
  }
}