{
  "apotheosis_modern_ragnarok": {
    "enchantment_value": 15,
    "force_melee_weapon": 1,
    "loot_category_override": "heavy_weapon",
    "disabled_affixes": [
      "apotheosis_modern_ragnarok:all_gun/attribute/lightweight"
    ],
    "disabled_enchantments": [
      "apotheosis_modern_ragnarok:projection_magic"
    ]
  },
  "ammo": "sfms:inf",
  "ammo_amount": 1,
  "extended_mag_ammo_amount": [
    1,
    1,
    1
  ],
  "script": "sfms:jumonji_yari_mk1_logic",
  "can_crawl": true,
  "can_slide": false,
  "bolt": "open_bolt",
  "rpm": 120,
  "bullet": {
    "life": 0.1,
    "bullet_amount": 5,
    "damage": 15,
    "extra_damage": {
      "armor_ignore": 0.25,
      "head_shot_multiplier": 2.25,
      "damage_adjust": [
        {"distance": 10, "damage": 15},
        {"distance": "infinite", "damage": 10}
      ]
    },
    "speed": 70,
    "gravity": 0,
    "knockback": 0.2,
    "friction": 0,
    "ignite_entity_time": 11,
    "pierce": 99
  },
  "fire_sound": {
    "fire_multiplier": 0.1,
    "silence_multiplier": 0.1
  },
  "reload": {
    "type": "magazine",
    "feed": {
      "empty": 0,
      "tactical": 0
    },
    "cooldown": {
      "empty": 0,
      "tactical": 0
    }
  },
  "draw_time": 0.25,
  "put_away_time": 0,
  "aim_time": 0,
  "sprint_time": 0,
  "weight": 3.8,
  "movement_speed": {
    "base": 0.0,
    "aim": 0.0,
    "reload": 0.0
  },
  "fire_mode": [
    "semi"
  ],
  "crawl_recoil_multiplier": 0.5,
  "recoil": {
    "pitch": [
      {"time": 0, "value": [0, 0]},
      {"time": 0.2, "value": [0, 0]}
    ],
    "yaw": [
      {"time": 0, "value": [0, 0]},
      {"time": 0.2, "value": [0, 0]}
    ]
  },
  "hurt_bob_tweak_multiplier": 0,
  "inaccuracy": {
    "stand": 1.5,
    "move": 1.5,
    "sneak": 1.5,
    "lie": 1.5,
    "aim": 1.5
  },
  "allow_attachment_types": [
    "muzzle"
  ]
}
