{
  "ammo": "tacz:556x45",
  "ammo_amount": 32,
  "extended_mag_ammo_amount": [
    48,
    60,
    100
  ],
  "bolt": "closed_bolt",
  "rpm": 600,
  "script": "tacz:xmag_reload_logic",
  "script_param": {
    "reload_feed": 1.13,
    "reload_cooldown": 1.9,
    "empty_feed": 1.83,
    "empty_cooldown": 2.3,
    "reload_xmag_1_feed": 1.33,
    "reload_xmag_1_cooldown": 2.17,
    "empty_xmag_1_feed": 2.07,
    "empty_xmag_1_cooldown": 2.63,
    "reload_xmag_2_feed": 1.63,
    "reload_xmag_2_cooldown": 2.47,
    "empty_xmag_2_feed": 2.43,
    "empty_xmag_2_cooldown": 2.97,
    "reload_xmag_3_feed": 2.17,
    "reload_xmag_3_cooldown": 2.83,
    "empty_xmag_3_feed": 2.87,
    "empty_xmag_3_cooldown": 3.47
  },
  "bullet": {
    "life": 0.8,
    "bullet_amount": 1,
    "damage": 7.5,
    "tracer_count_interval": 0,
    "extra_damage": {
      "armor_ignore": 0.25,
      "head_shot_multiplier": 1.75,
      "damage_adjust": [
        {"distance": 50, "damage": 7.5},
        {"distance": 80, "damage": 6},
        {"distance": "infinite", "damage": 5}
      ]
    },
    "speed": 290,
    "gravity": 0.15,
    "knockback": 0,
    "friction": 0.015,
    "ignite": false,
    "pierce": 1
  },
  "reload": {
    "type": "magazine",
    "feed": {
      "empty": 1.83,
      "tactical": 1.13
    },
    "cooldown": {
      "empty": 2.3,
      "tactical": 1.9
    }
  },
  "draw_time": 0.43,
  "put_away_time": 0.43,
  "aim_time": 0.17,
  "sprint_time": 0.16,
  "weight": 4.8,
  "movement_speed": {
    "base": 0.0,
    "aim": -0.15,
    "reload": -0.1
  },
  "crawl_recoil_multiplier": 0.5,
  "fire_mode": [
    "auto",
    "burst",
    "semi"
  ],
  "burst_data": {
    "continuous_shoot": true,
    "count": 4,
    "bpm": 800,
    "min_interval": 0.4
  },
  "recoil": {
    "pitch": [
      {"time": 0, "value": [0.3, 0.3]},
      {"time": 0.25, "value": [0.4, 0.4]},
      {"time": 0.45, "value": [-0.2, -0.2]},
      {"time": 0.6, "value": [0, 0]},
      {"time": 0.7, "value": [0, 0]}
    ],
    "yaw": [
      {"time": 0, "value": [-0.15, 0.15]},
      {"time": 0.35, "value": [-0.15, 0.15]},
      {"time": 0.5, "value": [0, 0]}
    ]
  },
  "inaccuracy": {
    "stand": 1.8,
    "move": 2.2,
    "sneak": 0.7,
    "lie": 0.6,
    "aim": 0.125
  },
  // 近战相关
  "melee": {
    // 枪械距离参数，用来延升近战攻击范围
    // 会与刺刀等配件的距离做加和
    "distance": 1,
    // 使用时的冷却时间
    "cooldown": 0.6,
    // 默认近战数据，会被配件的数据替换掉
    "default": {
      // 动画类型：没有枪托的为 melee_push，有枪托的为 melee_stock
      "animation_type": "melee_stock",
      // 刺刀距离参数，枪械里还有个刺刀攻击距离参数，两者做加和
      "distance": 1,
      // 刺刀范围角度
      "range_angle": 30,
      // 伤害值
      "damage": 2,
      // 击退效果
      "knockback": 0.6,
      // 前摇时长，单位：秒
      "prep": 0.1
    }
  },
  "allow_attachment_types": [
    "scope",
    "stock",
    "grip",
    "muzzle",
    "extended_mag",
    "laser"
  ],
  "exclusive_attachments": {
  }
}